first_name,last_name,email,city,country,signup_date
Stephen,Valentine,brandimendez@example.net,Drakeport,Malaysia,2025-12-05
Shannon,Mata,daviskim@example.org,Dominguezstad,Botswana,2026-01-02
Shawn,Salinas,katherinewright@example.org,South Melvin,Lithuania,2025-11-20
Alexis,Wilson,anthony45@example.org,Port Richard,Brunei Darussalam,2026-05-23
Kimberly,King,brittanymaldonado@example.net,New Amanda,Hungary,2025-08-24
Robin,Baker,mortonjustin@example.net,Clarkton,Bulgaria,2024-12-20
Denise,Farrell,taylortiffany@example.net,Dawntown,Romania,2025-05-04
Ryan,Cobb,alyssa02@example.net,Robinsonbury,Namibia,2025-08-10
John,Manning,ymendez@example.net,Brennanchester,Ukraine,2024-08-04
Maria,Reyes,cgonzalez@example.org,West Julie,British Virgin Islands,2025-11-19
Margaret,Williams,rachaelsantiago@example.net,West Amyberg,Botswana,2024-07-22
Lauren,Martinez,uwilliams@example.net,Jonesborough,Finland,2026-06-09
Rodney,Neal,gutierrezgregory@example.net,Williamberg,Guernsey,2024-11-01
Ryan,Tyler,brian61@example.com,New Jeremy,Romania,2024-06-29
Kayla,Smith,scottcrawford@example.org,South Michaelland,Belgium,2026-01-08
Roger,Davis,cunninghamrobert@example.net,Port Cynthia,Rwanda,2025-03-17
Kristin,Miller,bowmanrachel@example.com,Stoneport,Liberia,2024-09-30
Michelle,Rocha,heather13@example.net,Christopherview,Guinea,2026-01-16
Tracy,Wilson,uvilla@example.com,Scottmouth,Congo,2026-01-24
Brian,Robinson,felicia85@example.net,Popechester,Liberia,2025-09-23
Peter,Boone,ypotts@example.org,Paulbury,Botswana,2025-09-12
Zachary,Morrison,raymond78@example.net,Butlerport,Tajikistan,2026-06-11
Isabel,Perez,tony15@example.com,Port Spencerbury,Ireland,2025-01-27
Thomas,Simon,richardanderson@example.com,New Mariachester,France,2026-04-29
Joanne,Meadows,valdezcraig@example.com,South Tiffany,Saint Barthelemy,2024-11-26
Mark,Ward,nataliethompson@example.com,New Julia,Central African Republic,2024-10-21
Sarah,Ortega,brownmartha@example.com,North Kevin,Marshall Islands,2025-12-26
Brad,Day,gwu@example.net,Kevinport,Palau,2025-07-11
Jennifer,Baker,bethmoreno@example.com,East Mallory,Tajikistan,2025-10-15
Emily,Clark,nicole62@example.com,Lake Timothyhaven,Kazakhstan,2024-11-23
Renee,Hanson,dukemichael@example.net,Susanton,Sweden,2026-01-04
Cassidy,Ortiz,bowersscott@example.org,South Juanport,Brunei Darussalam,2025-11-28
Charles,Reid,vlewis@example.com,West Timothy,Italy,2025-03-21
James,Rios,ibartlett@example.com,Lake Cliffordport,Equatorial Guinea,2024-12-22
Angela,Esparza,brockstephanie@example.com,New Elizabethport,Denmark,2024-09-28
Alex,Williams,april78@example.com,Port Meghanfort,Netherlands,2024-12-17
Alicia,Torres,uwarner@example.org,New Dariusview,Saint Martin,2026-06-13
Jessica,Mckenzie,jonathan85@example.com,Kellyview,Tonga,2025-10-29
Brandon,Carter,qcole@example.org,Roseport,Kuwait,2024-09-17
Chad,Woodard,tara14@example.com,Nicolefurt,Northern Mariana Islands,2025-03-08
Chad,Neal,patelsandra@example.com,Karenburgh,Moldova,2026-01-30
Anna,Morton,christian88@example.net,Melanieborough,Malawi,2025-11-24
Jaime,Smith,hellison@example.com,New Emily,North Macedonia,2025-03-12
Andrew,Griffin,sharimartinez@example.org,Jenniferhaven,New Caledonia,2024-07-02
Christopher,Rivera,david62@example.net,New Christystad,Netherlands Antilles,2024-07-09
Wanda,Webster,wandacarter@example.org,North Jeffreyburgh,Korea,2026-03-08
Maria,Lopez,stephanie51@example.com,Larrytown,Kyrgyz Republic,2025-12-10
Wayne,Compton,thompsonvanessa@example.com,Lake April,Niger,2024-12-20
Kenneth,Haynes,randybeard@example.com,Kramerhaven,United Kingdom,2025-10-22
Jessica,Johns,jfranco@example.com,Chasemouth,Zambia,2026-04-15
Kristine,Holloway,kristi82@example.com,Port Stephenburgh,Ukraine,2025-03-11
Mark,Bryant,flarson@example.net,Smithfurt,Ghana,2025-04-05
Kristin,Martin,pbrown@example.org,Stevenland,Togo,2026-05-23
Jeremy,Cox,lisafoster@example.com,Port Gary,Sweden,2025-06-23
Timothy,Perry,esmith@example.org,Port Isabel,Lebanon,2025-08-26
Brad,Henry,sandramartinez@example.org,North Stephaniemouth,Armenia,2025-09-04
Gabriel,Walker,bpeters@example.net,New Gerald,Korea,2024-08-01
Alexandria,Myers,ucallahan@example.net,Leeside,Panama,2026-05-16
Traci,Haynes,ddiaz@example.com,Samuelchester,Swaziland,2026-02-07
Richard,Ramos,scottsoto@example.com,Williamsport,Armenia,2025-05-01
Rebecca,Johnson,heather50@example.net,Hansonport,San Marino,2025-07-08
Michael,Marshall,cindy58@example.com,Brendashire,Serbia,2025-11-30
Jennifer,Phillips,maureen62@example.com,Morganborough,Nigeria,2025-01-17
Barry,Lamb,ksparks@example.com,North Levi,Colombia,2024-08-11
Adam,Chavez,sampsonnancy@example.org,Salazarshire,Svalbard & Jan Mayen Islands,2024-09-15
Kurt,Cruz,erika86@example.net,North Sara,Sao Tome and Principe,2026-06-14
Fred,Miller,william50@example.org,New Megan,Martinique,2025-04-09
Ashley,Duarte,carlosaustin@example.org,Lake Robinburgh,Nicaragua,2025-11-07
Megan,Friedman,ismith@example.net,Allenton,Micronesia,2024-11-29
Monica,Lester,garciaamy@example.net,Catherinechester,French Guiana,2025-01-10
Susan,James,jjimenez@example.net,Lauraville,Azerbaijan,2026-04-11
James,Alvarez,lisa58@example.com,Keithton,Georgia,2025-04-21
James,Fisher,paul73@example.org,Tarafurt,Saint Pierre and Miquelon,2025-04-03
Kimberly,Christensen,russell81@example.net,Chadview,Kyrgyz Republic,2024-07-03
Christine,Atkins,xhahn@example.com,Guzmanland,Antigua and Barbuda,2026-03-01
Gavin,Rojas,kathleen64@example.org,Williamstown,Senegal,2024-07-14
Zoe,Howard,lcharles@example.net,East Amy,Cape Verde,2025-02-05
Steve,Green,kaufmandiane@example.net,Malikstad,Suriname,2024-12-31
Richard,Baldwin,thenderson@example.net,North Lori,Ireland,2026-01-25
Heather,Rasmussen,sydneymaldonado@example.org,South Ashleyburgh,Marshall Islands,2025-02-20
Lynn,Cisneros,evan00@example.com,Port Toni,El Salvador,2025-07-13
Valerie,Turner,naguilar@example.org,Bennettfort,Ecuador,2025-02-24
Samantha,Robertson,shannoncampbell@example.com,New Davidside,South Georgia and the South Sandwich Islands,2026-05-17
John,Dyer,cory74@example.org,Carolineton,Congo,2024-08-06
Matthew,Moore,patrick60@example.org,South Deborah,Tanzania,2025-06-02
Sara,Obrien,nicholas57@example.com,Bakerville,Nepal,2025-11-09
Michael,Oconnell,cruzmeagan@example.net,Galvanfort,Kenya,2024-12-24
Jeffrey,Boone,dsweeney@example.org,South Eric,Japan,2025-02-24
Jacqueline,Flynn,mikejefferson@example.net,Jonathanport,Saudi Arabia,2025-01-25
Sandra,Clark,kimberly93@example.org,Alexanderport,Ethiopia,2025-07-02
Matthew,Ramos,stevensedward@example.net,Lake Franciscochester,Saint Vincent and the Grenadines,2026-02-03
Abigail,Hill,tthomas@example.net,Adrienneland,Cote d'Ivoire,2025-12-16
Andrew,Wade,tsanchez@example.net,New Josephchester,Cape Verde,2025-09-27
Shawn,Sanford,carrie58@example.com,Caseymouth,Guyana,2024-10-29
Mark,Garrett,mbennett@example.net,New Stephen,Gambia,2026-06-06
Adrian,Valdez,geraldwilliams@example.com,Ramirezfurt,Moldova,2025-05-22
Gordon,Jones,aandrews@example.com,East Michael,Togo,2024-10-15
Joseph,Duarte,catherine63@example.org,Lisaside,Germany,2026-01-10
Amy,Houston,mooredeborah@example.org,Jillstad,Kazakhstan,2025-06-27
Timothy,Mccarthy,brandiwallace@example.org,South Kennethfort,Seychelles,2025-11-26
